"intermediatorid","sendconfigs_id","validatelegalattachments","digsigtype"
"CROSSINX",770098123,f,"PDF"
"CROSSINX",770098123,f,"FATTURAPA"
"CROSSINX",770098123,f,"GENERIC_PKCS7"
"CROSSINX",770098123,f,"ASCC_XML"
"CROSSINX",770098123,f,"CXML"
"CROSSINX",770098123,f,"PDF-PK7"
"CROSSINX",770098123,f,"FACTURAE"
"NEMMYSUP",770257634,f,"PDF"
"NEMMYSUP",770257634,f,"FATTURAPA"
"NEMMYSUP",770257634,f,"GENERIC_PKCS7"
"NEMMYSUP",770257634,f,"ASCC_XML"
"NEMMYSUP",770257634,f,"CXML"
"NEMMYSUP",770257634,f,"PDF-PK7"
"NEMMYSUP",770257634,f,"FACTURAE"
"003723327487",187975676,f,"PDF"
"003723327487",187975676,f,"GENERIC_PKCS7"
"003723327487",187975676,f,"PDF-PK7"
"003723327487",187975676,f,"ASCC_XML"
"003723327487",187975676,f,"FACTURAE"
"003723327487",187975676,f,"FATTURAPA"
"003723327487",187975676,f,"CXML"
"ADQUIRA",40496702,f,"PDF"
"ADQUIRA",40496702,f,"GENERIC_PKCS7"
"ADQUIRA",40496702,f,"PDF-PK7"
"ADQUIRA",40496702,f,"ASCC_XML"
"ADQUIRA",40496702,f,"FACTURAE"
"ADQUIRA",40496702,f,"FATTURAPA"
"ADQUIRA",40496702,f,"CXML"
"003714377140",38650745,f,"PDF"
"003714377140",38650745,f,"GENERIC_PKCS7"
"003714377140",38650745,f,"PDF-PK7"
"003714377140",38650745,f,"ASCC_XML"
"003714377140",38650745,f,"FACTURAE"
"003714377140",38650745,f,"FATTURAPA"
"003714377140",38650745,f,"CXML"
"HELSFIHH",129270161,f,"PDF"
"HELSFIHH",129270161,f,"GENERIC_PKCS7"
"HELSFIHH",129270161,f,"PDF-PK7"
"HELSFIHH",129270161,f,"ASCC_XML"
"HELSFIHH",129270161,f,"FACTURAE"
"HELSFIHH",129270161,f,"FATTURAPA"
"HELSFIHH",129270161,f,"CXML"
"CELTRINO",90792990,f,"PDF"
"CELTRINO",90792990,f,"GENERIC_PKCS7"
"CELTRINO",90792990,f,"PDF-PK7"
"CELTRINO",90792990,f,"ASCC_XML"
"CELTRINO",90792990,f,"FACTURAE"
"CELTRINO",90792990,f,"FATTURAPA"
"CELTRINO",90792990,f,"CXML"
"GEBC",4648718,f,"PDF"
"GEBC",4648718,f,"GENERIC_PKCS7"
"GEBC",4648718,f,"PDF-PK7"
"GEBC",4648718,f,"ASCC_XML"
"GEBC",4648718,f,"FACTURAE"
"GEBC",4648718,f,"FATTURAPA"
"GEBC",4648718,f,"CXML"
"GEBC",14860071,f,"PDF"
"GEBC",14860071,f,"GENERIC_PKCS7"
"GEBC",14860071,f,"PDF-PK7"
"GEBC",14860071,f,"ASCC_XML"
"GEBC",14860071,f,"FACTURAE"
"GEBC",14860071,f,"FATTURAPA"
"GEBC",14860071,f,"CXML"
"VOLVO",113156772,f,"PDF"
"VOLVO",113156772,f,"GENERIC_PKCS7"
"VOLVO",113156772,f,"PDF-PK7"
"VOLVO",113156772,f,"ASCC_XML"
"VOLVO",113156772,f,"FACTURAE"
"VOLVO",113156772,f,"FATTURAPA"
"VOLVO",113156772,f,"CXML"
"ITELLA",12206099,f,"PDF"
"ITELLA",12206099,f,"GENERIC_PKCS7"
"ITELLA",12206099,f,"PDF-PK7"
"ITELLA",12206099,f,"ASCC_XML"
"ITELLA",12206099,f,"FACTURAE"
"ITELLA",12206099,f,"FATTURAPA"
"ITELLA",12206099,f,"CXML"
"PRIHANDEL",-7,f,"PDF"
"PRIHANDEL",-7,f,"GENERIC_PKCS7"
"PRIHANDEL",-7,f,"PDF-PK7"
"PRIHANDEL",-7,f,"ASCC_XML"
"PRIHANDEL",-7,f,"FACTURAE"
"PRIHANDEL",-7,f,"FATTURAPA"
"PRIHANDEL",-7,f,"CXML"
"PRIHANDEL",1580720,f,"PDF"
"PRIHANDEL",1580720,f,"GENERIC_PKCS7"
"PRIHANDEL",1580720,f,"PDF-PK7"
"PRIHANDEL",1580720,f,"ASCC_XML"
"PRIHANDEL",1580720,f,"FACTURAE"
"PRIHANDEL",1580720,f,"FATTURAPA"
"PRIHANDEL",1580720,f,"CXML"
"STRÅLFORS",1566129,f,"PDF"
"STRÅLFORS",1566129,f,"GENERIC_PKCS7"
"STRÅLFORS",1566129,f,"PDF-PK7"
"STRÅLFORS",1566129,f,"ASCC_XML"
"STRÅLFORS",1566129,f,"FACTURAE"
"STRÅLFORS",1566129,f,"FATTURAPA"
"STRÅLFORS",1566129,f,"CXML"
"SWISSCOM",2837040,f,"PDF"
"SWISSCOM",2837040,f,"GENERIC_PKCS7"
"SWISSCOM",2837040,f,"PDF-PK7"
"SWISSCOM",2837040,f,"ASCC_XML"
"SWISSCOM",2837040,f,"FACTURAE"
"SWISSCOM",2837040,f,"FATTURAPA"
"SWISSCOM",2837040,f,"CXML"
"OKOYFIHH",151259024,f,"PDF"
"OKOYFIHH",151259024,f,"GENERIC_PKCS7"
"OKOYFIHH",151259024,f,"PDF-PK7"
"OKOYFIHH",151259024,f,"ASCC_XML"
"OKOYFIHH",151259024,f,"FACTURAE"
"OKOYFIHH",151259024,f,"FATTURAPA"
"OKOYFIHH",151259024,f,"CXML"
"PAYNET",3029174,f,"PDF"
"PAYNET",3029174,f,"GENERIC_PKCS7"
"PAYNET",3029174,f,"PDF-PK7"
"PAYNET",3029174,f,"ASCC_XML"
"PAYNET",3029174,f,"FACTURAE"
"PAYNET",3029174,f,"FATTURAPA"
"PAYNET",3029174,f,"CXML"
"DE0004",15932104,f,"PDF"
"DE0004",15932104,f,"GENERIC_PKCS7"
"DE0004",15932104,f,"PDF-PK7"
"DE0004",15932104,f,"ASCC_XML"
"DE0004",15932104,f,"FACTURAE"
"DE0004",15932104,f,"FATTURAPA"
"DE0004",15932104,f,"CXML"
"PRIHANDEL",18289144,f,"PDF"
"PRIHANDEL",18289144,f,"GENERIC_PKCS7"
"PRIHANDEL",18289144,f,"PDF-PK7"
"PRIHANDEL",18289144,f,"ASCC_XML"
"PRIHANDEL",18289144,f,"FACTURAE"
"PRIHANDEL",18289144,f,"FATTURAPA"
"PRIHANDEL",18289144,f,"CXML"
"NDEASESS",20753946,f,"PDF"
"NDEASESS",20753946,f,"GENERIC_PKCS7"
"NDEASESS",20753946,f,"PDF-PK7"
"NDEASESS",20753946,f,"ASCC_XML"
"NDEASESS",20753946,f,"FACTURAE"
"NDEASESS",20753946,f,"FATTURAPA"
"NDEASESS",20753946,f,"CXML"
"PROCEEDO",4954871,f,"PDF"
"PROCEEDO",4954871,f,"GENERIC_PKCS7"
"PROCEEDO",4954871,f,"PDF-PK7"
"PROCEEDO",4954871,f,"ASCC_XML"
"PROCEEDO",4954871,f,"FACTURAE"
"PROCEEDO",4954871,f,"FATTURAPA"
"PROCEEDO",4954871,f,"CXML"
"STRÅLFORS",32304052,f,"PDF"
"STRÅLFORS",32304052,f,"GENERIC_PKCS7"
"STRÅLFORS",32304052,f,"PDF-PK7"
"STRÅLFORS",32304052,f,"ASCC_XML"
"STRÅLFORS",32304052,f,"FACTURAE"
"STRÅLFORS",32304052,f,"FATTURAPA"
"STRÅLFORS",32304052,f,"CXML"
"B2BGATEWAY",90599902,f,"PDF"
"B2BGATEWAY",90599902,f,"GENERIC_PKCS7"
"B2BGATEWAY",90599902,f,"PDF-PK7"
"B2BGATEWAY",90599902,f,"ASCC_XML"
"B2BGATEWAY",90599902,f,"FACTURAE"
"B2BGATEWAY",90599902,f,"FATTURAPA"
"B2BGATEWAY",90599902,f,"CXML"
"CREDIFLOW",115825704,f,"PDF"
"CREDIFLOW",115825704,f,"GENERIC_PKCS7"
"CREDIFLOW",115825704,f,"PDF-PK7"
"CREDIFLOW",115825704,f,"ASCC_XML"
"CREDIFLOW",115825704,f,"FACTURAE"
"CREDIFLOW",115825704,f,"FATTURAPA"
"CREDIFLOW",115825704,f,"CXML"
"Nets",-15,f,"PDF"
"Nets",-15,f,"GENERIC_PKCS7"
"Nets",-15,f,"PDF-PK7"
"Nets",-15,f,"ASCC_XML"
"Nets",-15,f,"FACTURAE"
"Nets",-15,f,"FATTURAPA"
"Nets",-15,f,"CXML"
"STRÅLFORS",2965273,f,"PDF"
"STRÅLFORS",2965273,f,"GENERIC_PKCS7"
"STRÅLFORS",2965273,f,"PDF-PK7"
"STRÅLFORS",2965273,f,"ASCC_XML"
"STRÅLFORS",2965273,f,"FACTURAE"
"STRÅLFORS",2965273,f,"FATTURAPA"
"STRÅLFORS",2965273,f,"CXML"
"STRÅLFORS",38348126,f,"PDF"
"STRÅLFORS",38348126,f,"GENERIC_PKCS7"
"STRÅLFORS",38348126,f,"PDF-PK7"
"STRÅLFORS",38348126,f,"ASCC_XML"
"STRÅLFORS",38348126,f,"FACTURAE"
"STRÅLFORS",38348126,f,"FATTURAPA"
"STRÅLFORS",38348126,f,"CXML"
"LOGICADK",32505163,f,"PDF"
"LOGICADK",32505163,f,"GENERIC_PKCS7"
"LOGICADK",32505163,f,"PDF-PK7"
"LOGICADK",32505163,f,"ASCC_XML"
"LOGICADK",32505163,f,"FACTURAE"
"LOGICADK",32505163,f,"FATTURAPA"
"LOGICADK",32505163,f,"CXML"
"LOGICA",3248848,f,"PDF"
"LOGICA",3248848,f,"GENERIC_PKCS7"
"LOGICA",3248848,f,"PDF-PK7"
"LOGICA",3248848,f,"ASCC_XML"
"LOGICA",3248848,f,"FACTURAE"
"LOGICA",3248848,f,"FATTURAPA"
"LOGICA",3248848,f,"CXML"
"VIADUCT",89764922,f,"PDF"
"VIADUCT",89764922,f,"GENERIC_PKCS7"
"VIADUCT",89764922,f,"PDF-PK7"
"VIADUCT",89764922,f,"ASCC_XML"
"VIADUCT",89764922,f,"FACTURAE"
"VIADUCT",89764922,f,"FATTURAPA"
"VIADUCT",89764922,f,"CXML"
"EVENEX",68205355,f,"PDF"
"EVENEX",68205355,f,"GENERIC_PKCS7"
"EVENEX",68205355,f,"PDF-PK7"
"EVENEX",68205355,f,"ASCC_XML"
"EVENEX",68205355,f,"FACTURAE"
"EVENEX",68205355,f,"FATTURAPA"
"EVENEX",68205355,f,"CXML"
"EVENEX",11003637,f,"PDF"
"EVENEX",11003637,f,"GENERIC_PKCS7"
"EVENEX",11003637,f,"PDF-PK7"
"EVENEX",11003637,f,"ASCC_XML"
"EVENEX",11003637,f,"FACTURAE"
"EVENEX",11003637,f,"FATTURAPA"
"EVENEX",11003637,f,"CXML"
"ISYS",32048648,f,"PDF"
"ISYS",32048648,f,"GENERIC_PKCS7"
"ISYS",32048648,f,"PDF-PK7"
"ISYS",32048648,f,"ASCC_XML"
"ISYS",32048648,f,"FACTURAE"
"ISYS",32048648,f,"FATTURAPA"
"ISYS",32048648,f,"CXML"
"VISMAUNIQU",31151208,f,"PDF"
"VISMAUNIQU",31151208,f,"GENERIC_PKCS7"
"VISMAUNIQU",31151208,f,"PDF-PK7"
"VISMAUNIQU",31151208,f,"ASCC_XML"
"VISMAUNIQU",31151208,f,"FACTURAE"
"VISMAUNIQU",31151208,f,"FATTURAPA"
"VISMAUNIQU",31151208,f,"CXML"
"DIG",145627353,f,"PDF"
"DIG",145627353,f,"GENERIC_PKCS7"
"DIG",145627353,f,"PDF-PK7"
"DIG",145627353,f,"ASCC_XML"
"DIG",145627353,f,"FACTURAE"
"DIG",145627353,f,"FATTURAPA"
"DIG",145627353,f,"CXML"
"CERTIPOST",92535710,f,"PDF"
"CERTIPOST",92535710,f,"GENERIC_PKCS7"
"CERTIPOST",92535710,f,"PDF-PK7"
"CERTIPOST",92535710,f,"ASCC_XML"
"CERTIPOST",92535710,f,"FACTURAE"
"CERTIPOST",92535710,f,"FATTURAPA"
"CERTIPOST",92535710,f,"CXML"
"PRIHANDEL",6917040,f,"PDF"
"PRIHANDEL",6917040,f,"GENERIC_PKCS7"
"PRIHANDEL",6917040,f,"PDF-PK7"
"PRIHANDEL",6917040,f,"ASCC_XML"
"PRIHANDEL",6917040,f,"FACTURAE"
"PRIHANDEL",6917040,f,"FATTURAPA"
"PRIHANDEL",6917040,f,"CXML"
"HUSERA",3244510,f,"PDF"
"HUSERA",3244510,f,"GENERIC_PKCS7"
"HUSERA",3244510,f,"PDF-PK7"
"HUSERA",3244510,f,"ASCC_XML"
"HUSERA",3244510,f,"FACTURAE"
"HUSERA",3244510,f,"FATTURAPA"
"HUSERA",3244510,f,"CXML"
"SWEDSESS",37112931,f,"PDF"
"SWEDSESS",37112931,f,"GENERIC_PKCS7"
"SWEDSESS",37112931,f,"PDF-PK7"
"SWEDSESS",37112931,f,"ASCC_XML"
"SWEDSESS",37112931,f,"FACTURAE"
"SWEDSESS",37112931,f,"FATTURAPA"
"SWEDSESS",37112931,f,"CXML"
"ADATA",31944016,f,"PDF"
"ADATA",31944016,f,"GENERIC_PKCS7"
"ADATA",31944016,f,"PDF-PK7"
"ADATA",31944016,f,"ASCC_XML"
"ADATA",31944016,f,"FACTURAE"
"ADATA",31944016,f,"FATTURAPA"
"ADATA",31944016,f,"CXML"
"PRIHANDEL",41054186,f,"PDF"
"PRIHANDEL",41054186,f,"GENERIC_PKCS7"
"PRIHANDEL",41054186,f,"PDF-PK7"
"PRIHANDEL",41054186,f,"ASCC_XML"
"PRIHANDEL",41054186,f,"FACTURAE"
"PRIHANDEL",41054186,f,"FATTURAPA"
"PRIHANDEL",41054186,f,"CXML"
"ELEMICA",54720964,f,"PDF"
"ELEMICA",54720964,f,"GENERIC_PKCS7"
"ELEMICA",54720964,f,"PDF-PK7"
"ELEMICA",54720964,f,"ASCC_XML"
"ELEMICA",54720964,f,"FACTURAE"
"ELEMICA",54720964,f,"FATTURAPA"
"ELEMICA",54720964,f,"CXML"
"LOGIQ",24241780,f,"PDF"
"LOGIQ",24241780,f,"GENERIC_PKCS7"
"LOGIQ",24241780,f,"PDF-PK7"
"LOGIQ",24241780,f,"ASCC_XML"
"LOGIQ",24241780,f,"FACTURAE"
"LOGIQ",24241780,f,"FATTURAPA"
"LOGIQ",24241780,f,"CXML"
"KMD",50017620,f,"PDF"
"KMD",50017620,f,"GENERIC_PKCS7"
"KMD",50017620,f,"PDF-PK7"
"KMD",50017620,f,"ASCC_XML"
"KMD",50017620,f,"FACTURAE"
"KMD",50017620,f,"FATTURAPA"
"KMD",50017620,f,"CXML"
"TENO940193575",49377191,f,"PDF"
"TENO940193575",49377191,f,"GENERIC_PKCS7"
"TENO940193575",49377191,f,"PDF-PK7"
"TENO940193575",49377191,f,"ASCC_XML"
"TENO940193575",49377191,f,"FACTURAE"
"TENO940193575",49377191,f,"FATTURAPA"
"TENO940193575",49377191,f,"CXML"
"003721291126",51814336,f,"PDF"
"003721291126",51814336,f,"GENERIC_PKCS7"
"003721291126",51814336,f,"PDF-PK7"
"003721291126",51814336,f,"ASCC_XML"
"003721291126",51814336,f,"FACTURAE"
"003721291126",51814336,f,"FATTURAPA"
"003721291126",51814336,f,"CXML"
"SPROOM",76535854,f,"PDF"
"SPROOM",76535854,f,"GENERIC_PKCS7"
"SPROOM",76535854,f,"PDF-PK7"
"SPROOM",76535854,f,"ASCC_XML"
"SPROOM",76535854,f,"FACTURAE"
"SPROOM",76535854,f,"FATTURAPA"
"SPROOM",76535854,f,"CXML"
"VGR",84148923,f,"PDF"
"VGR",84148923,f,"GENERIC_PKCS7"
"VGR",84148923,f,"PDF-PK7"
"VGR",84148923,f,"ASCC_XML"
"VGR",84148923,f,"FACTURAE"
"VGR",84148923,f,"FATTURAPA"
"VGR",84148923,f,"CXML"
"NDEASESS",-12,f,"PDF"
"NDEASESS",-12,f,"GENERIC_PKCS7"
"NDEASESS",-12,f,"PDF-PK7"
"NDEASESS",-12,f,"ASCC_XML"
"NDEASESS",-12,f,"FACTURAE"
"NDEASESS",-12,f,"FATTURAPA"
"NDEASESS",-12,f,"CXML"
"SWEDSESS2",-3,f,"PDF"
"SWEDSESS2",-3,f,"GENERIC_PKCS7"
"SWEDSESS2",-3,f,"PDF-PK7"
"SWEDSESS2",-3,f,"ASCC_XML"
"SWEDSESS2",-3,f,"FACTURAE"
"SWEDSESS2",-3,f,"FATTURAPA"
"SWEDSESS2",-3,f,"CXML"
"TRUELINK",94257945,f,"PDF"
"TRUELINK",94257945,f,"GENERIC_PKCS7"
"TRUELINK",94257945,f,"PDF-PK7"
"TRUELINK",94257945,f,"ASCC_XML"
"TRUELINK",94257945,f,"FACTURAE"
"TRUELINK",94257945,f,"FATTURAPA"
"TRUELINK",94257945,f,"CXML"
"POSTFINANC",120954579,f,"PDF"
"POSTFINANC",120954579,f,"GENERIC_PKCS7"
"POSTFINANC",120954579,f,"PDF-PK7"
"POSTFINANC",120954579,f,"ASCC_XML"
"POSTFINANC",120954579,f,"FACTURAE"
"POSTFINANC",120954579,f,"FATTURAPA"
"POSTFINANC",120954579,f,"CXML"
"003701150617",307974033,f,"PDF"
"003701150617",307974033,f,"GENERIC_PKCS7"
"003701150617",307974033,f,"PDF-PK7"
"003701150617",307974033,f,"ASCC_XML"
"003701150617",307974033,f,"FACTURAE"
"003701150617",307974033,f,"FATTURAPA"
"003701150617",307974033,f,"CXML"
"003708599126",34364030,f,"PDF"
"003708599126",34364030,f,"GENERIC_PKCS7"
"003708599126",34364030,f,"PDF-PK7"
"003708599126",34364030,f,"ASCC_XML"
"003708599126",34364030,f,"FACTURAE"
"003708599126",34364030,f,"FATTURAPA"
"003708599126",34364030,f,"CXML"
"NEMHANDEL_TRUELINK",271632038,f,"PDF"
"NEMHANDEL_TRUELINK",271632038,f,"GENERIC_PKCS7"
"NEMHANDEL_TRUELINK",271632038,f,"PDF-PK7"
"NEMHANDEL_TRUELINK",271632038,f,"ASCC_XML"
"NEMHANDEL_TRUELINK",271632038,f,"FACTURAE"
"NEMHANDEL_TRUELINK",271632038,f,"FATTURAPA"
"NEMHANDEL_TRUELINK",271632038,f,"CXML"
"DABANO22OSL",271644756,f,"PDF"
"DABANO22OSL",271644756,f,"GENERIC_PKCS7"
"DABANO22OSL",271644756,f,"PDF-PK7"
"DABANO22OSL",271644756,f,"ASCC_XML"
"DABANO22OSL",271644756,f,"FACTURAE"
"DABANO22OSL",271644756,f,"FATTURAPA"
"DABANO22OSL",271644756,f,"CXML"
"DNBANOKKXXX",271647331,f,"PDF"
"DNBANOKKXXX",271647331,f,"GENERIC_PKCS7"
"DNBANOKKXXX",271647331,f,"PDF-PK7"
"DNBANOKKXXX",271647331,f,"ASCC_XML"
"DNBANOKKXXX",271647331,f,"FACTURAE"
"DNBANOKKXXX",271647331,f,"FATTURAPA"
"DNBANOKKXXX",271647331,f,"CXML"
"LABANOKK",271648867,f,"PDF"
"LABANOKK",271648867,f,"GENERIC_PKCS7"
"LABANOKK",271648867,f,"PDF-PK7"
"LABANOKK",271648867,f,"ASCC_XML"
"LABANOKK",271648867,f,"FACTURAE"
"LABANOKK",271648867,f,"FATTURAPA"
"LABANOKK",271648867,f,"CXML"
"HANDSESS",-1,f,"PDF"
"HANDSESS",-1,f,"GENERIC_PKCS7"
"HANDSESS",-1,f,"PDF-PK7"
"HANDSESS",-1,f,"ASCC_XML"
"HANDSESS",-1,f,"FACTURAE"
"HANDSESS",-1,f,"FATTURAPA"
"HANDSESS",-1,f,"CXML"
"DABASESS",271668766,f,"PDF"
"DABASESS",271668766,f,"GENERIC_PKCS7"
"DABASESS",271668766,f,"PDF-PK7"
"DABASESS",271668766,f,"ASCC_XML"
"DABASESS",271668766,f,"FACTURAE"
"DABASESS",271668766,f,"FATTURAPA"
"DABASESS",271668766,f,"CXML"
"ESSESESS",271671959,f,"PDF"
"ESSESESS",271671959,f,"GENERIC_PKCS7"
"ESSESESS",271671959,f,"PDF-PK7"
"ESSESESS",271671959,f,"ASCC_XML"
"ESSESESS",271671959,f,"FACTURAE"
"ESSESESS",271671959,f,"FATTURAPA"
"ESSESESS",271671959,f,"CXML"
"BGABSESS",249846223,f,"PDF"
"BGABSESS",249846223,f,"GENERIC_PKCS7"
"BGABSESS",249846223,f,"PDF-PK7"
"BGABSESS",249846223,f,"ASCC_XML"
"BGABSESS",249846223,f,"FACTURAE"
"BGABSESS",249846223,f,"FATTURAPA"
"BGABSESS",249846223,f,"CXML"
"DABAFIHH",184100409,f,"PDF"
"DABAFIHH",184100409,f,"GENERIC_PKCS7"
"DABAFIHH",184100409,f,"PDF-PK7"
"DABAFIHH",184100409,f,"ASCC_XML"
"DABAFIHH",184100409,f,"FACTURAE"
"DABAFIHH",184100409,f,"FATTURAPA"
"DABAFIHH",184100409,f,"CXML"
"NDEAFIHH",91218443,f,"PDF"
"NDEAFIHH",91218443,f,"GENERIC_PKCS7"
"NDEAFIHH",91218443,f,"PDF-PK7"
"NDEAFIHH",91218443,f,"ASCC_XML"
"NDEAFIHH",91218443,f,"FACTURAE"
"NDEAFIHH",91218443,f,"FATTURAPA"
"NDEAFIHH",91218443,f,"CXML"
"VIADUCT",301149788,f,"PDF"
"VIADUCT",301149788,f,"GENERIC_PKCS7"
"VIADUCT",301149788,f,"PDF-PK7"
"VIADUCT",301149788,f,"ASCC_XML"
"VIADUCT",301149788,f,"FACTURAE"
"VIADUCT",301149788,f,"FATTURAPA"
"VIADUCT",301149788,f,"CXML"
"PEPPOL",83520602,f,"PDF"
"PEPPOL",83520602,f,"GENERIC_PKCS7"
"PEPPOL",83520602,f,"PDF-PK7"
"PEPPOL",83520602,f,"ASCC_XML"
"PEPPOL",83520602,f,"FACTURAE"
"PEPPOL",83520602,f,"FATTURAPA"
"PEPPOL",83520602,f,"CXML"
"BAWCFI22",-11,f,"PDF"
"BAWCFI22",-11,f,"GENERIC_PKCS7"
"BAWCFI22",-11,f,"PDF-PK7"
"BAWCFI22",-11,f,"ASCC_XML"
"BAWCFI22",-11,f,"FACTURAE"
"BAWCFI22",-11,f,"FATTURAPA"
"BAWCFI22",-11,f,"CXML"
"EDB-SE",4991516,f,"PDF"
"EDB-SE",4991516,f,"GENERIC_PKCS7"
"EDB-SE",4991516,f,"PDF-PK7"
"EDB-SE",4991516,f,"ASCC_XML"
"EDB-SE",4991516,f,"FACTURAE"
"EDB-SE",4991516,f,"FATTURAPA"
"EDB-SE",4991516,f,"CXML"
"ADDETT",46999990,f,"PDF"
"ADDETT",46999990,f,"GENERIC_PKCS7"
"ADDETT",46999990,f,"PDF-PK7"
"ADDETT",46999990,f,"ASCC_XML"
"ADDETT",46999990,f,"FACTURAE"
"ADDETT",46999990,f,"FATTURAPA"
"ADDETT",46999990,f,"CXML"
"SOGEI",258326384,f,"PDF"
"SOGEI",258326384,f,"GENERIC_PKCS7"
"SOGEI",258326384,f,"PDF-PK7"
"SOGEI",258326384,f,"ASCC_XML"
"SOGEI",258326384,f,"FACTURAE"
"SOGEI",258326384,f,"FATTURAPA"
"SOGEI",258326384,f,"CXML"
"003703575029",42119115,f,"PDF"
"003703575029",42119115,f,"GENERIC_PKCS7"
"003703575029",42119115,f,"PDF-PK7"
"003703575029",42119115,f,"ASCC_XML"
"003703575029",42119115,f,"FACTURAE"
"003703575029",42119115,f,"FATTURAPA"
"003703575029",42119115,f,"CXML"
"HANDFIHH",271610004,f,"PDF"
"HANDFIHH",271610004,f,"GENERIC_PKCS7"
"HANDFIHH",271610004,f,"PDF-PK7"
"HANDFIHH",271610004,f,"ASCC_XML"
"HANDFIHH",271610004,f,"FACTURAE"
"HANDFIHH",271610004,f,"FATTURAPA"
"HANDFIHH",271610004,f,"CXML"
"EPRIOR",145557982,f,"PDF"
"EPRIOR",145557982,f,"GENERIC_PKCS7"
"EPRIOR",145557982,f,"PDF-PK7"
"EPRIOR",145557982,f,"ASCC_XML"
"EPRIOR",145557982,f,"FACTURAE"
"EPRIOR",145557982,f,"FATTURAPA"
"EPRIOR",145557982,f,"CXML"
"INEXCHANGE",3095736,f,"PDF"
"INEXCHANGE",3095736,f,"GENERIC_PKCS7"
"INEXCHANGE",3095736,f,"PDF-PK7"
"INEXCHANGE",3095736,f,"ASCC_XML"
"INEXCHANGE",3095736,f,"FACTURAE"
"INEXCHANGE",3095736,f,"FATTURAPA"
"INEXCHANGE",3095736,f,"CXML"
"EDB-NO",44907299,f,"PDF"
"EDB-NO",44907299,f,"GENERIC_PKCS7"
"EDB-NO",44907299,f,"PDF-PK7"
"EDB-NO",44907299,f,"ASCC_XML"
"EDB-NO",44907299,f,"FACTURAE"
"EDB-NO",44907299,f,"FATTURAPA"
"EDB-NO",44907299,f,"CXML"
"ADQUIRA",27009445,f,"PDF"
"ADQUIRA",27009445,f,"GENERIC_PKCS7"
"ADQUIRA",27009445,f,"PDF-PK7"
"ADQUIRA",27009445,f,"ASCC_XML"
"ADQUIRA",27009445,f,"FACTURAE"
"ADQUIRA",27009445,f,"FATTURAPA"
"ADQUIRA",27009445,f,"CXML"
"CEGEDIM",343300391,f,"PDF"
"CEGEDIM",343300391,f,"GENERIC_PKCS7"
"CEGEDIM",343300391,f,"PDF-PK7"
"CEGEDIM",343300391,f,"ASCC_XML"
"CEGEDIM",343300391,f,"FACTURAE"
"CEGEDIM",343300391,f,"FATTURAPA"
"CEGEDIM",343300391,f,"CXML"
"ARIBA",341364358,f,"PDF"
"ARIBA",341364358,f,"GENERIC_PKCS7"
"ARIBA",341364358,f,"PDF-PK7"
"ARIBA",341364358,f,"ASCC_XML"
"ARIBA",341364358,f,"FACTURAE"
"ARIBA",341364358,f,"FATTURAPA"
"ARIBA",341364358,f,"CXML"
"EBUILDER",349549558,f,"PDF"
"EBUILDER",349549558,f,"GENERIC_PKCS7"
"EBUILDER",349549558,f,"PDF-PK7"
"EBUILDER",349549558,f,"ASCC_XML"
"EBUILDER",349549558,f,"FACTURAE"
"EBUILDER",349549558,f,"FATTURAPA"
"EBUILDER",349549558,f,"CXML"
"MediaOcean",363458206,f,"PDF"
"MediaOcean",363458206,f,"GENERIC_PKCS7"
"MediaOcean",363458206,f,"PDF-PK7"
"MediaOcean",363458206,f,"ASCC_XML"
"MediaOcean",363458206,f,"FACTURAE"
"MediaOcean",363458206,f,"FATTURAPA"
"MediaOcean",363458206,f,"CXML"
"PEAB",381994912,f,"PDF"
"PEAB",381994912,f,"GENERIC_PKCS7"
"PEAB",381994912,f,"PDF-PK7"
"PEAB",381994912,f,"ASCC_XML"
"PEAB",381994912,f,"FACTURAE"
"PEAB",381994912,f,"FATTURAPA"
"PEAB",381994912,f,"CXML"
"Pagero",-8,f,"PDF"
"Pagero",-8,f,"GENERIC_PKCS7"
"Pagero",-8,f,"PDF-PK7"
"Pagero",-8,f,"ASCC_XML"
"Pagero",-8,f,"FACTURAE"
"Pagero",-8,f,"FATTURAPA"
"Pagero",-8,f,"CXML"
"OB10",22451736,f,"PDF"
"OB10",22451736,f,"GENERIC_PKCS7"
"OB10",22451736,f,"PDF-PK7"
"OB10",22451736,f,"ASCC_XML"
"OB10",22451736,f,"FACTURAE"
"OB10",22451736,f,"FATTURAPA"
"OB10",22451736,f,"CXML"
"ITELLANO",-13,f,"PDF"
"003710948874",-13,f,"PDF"
"ITELLANO",-13,f,"GENERIC_PKCS7"
"003710948874",-13,f,"GENERIC_PKCS7"
"ITELLANO",-13,f,"PDF-PK7"
"003710948874",-13,f,"PDF-PK7"
"ITELLANO",-13,f,"ASCC_XML"
"003710948874",-13,f,"ASCC_XML"
"ITELLANO",-13,f,"FACTURAE"
"003710948874",-13,f,"FACTURAE"
"ITELLANO",-13,f,"FATTURAPA"
"003710948874",-13,f,"FATTURAPA"
"ITELLANO",-13,f,"CXML"
"003710948874",-13,f,"CXML"
"ITELFIHH",439934840,f,"PDF"
"ITELFIHH",439934840,f,"GENERIC_PKCS7"
"ITELFIHH",439934840,f,"PDF-PK7"
"ITELFIHH",439934840,f,"ASCC_XML"
"ITELFIHH",439934840,f,"FACTURAE"
"ITELFIHH",439934840,f,"FATTURAPA"
"ITELFIHH",439934840,f,"CXML"
"POPFFI22",439941802,f,"PDF"
"POPFFI22",439941802,f,"GENERIC_PKCS7"
"POPFFI22",439941802,f,"PDF-PK7"
"POPFFI22",439941802,f,"ASCC_XML"
"POPFFI22",439941802,f,"FACTURAE"
"POPFFI22",439941802,f,"FATTURAPA"
"POPFFI22",439941802,f,"CXML"
"B2BOOST",487521958,f,"PDF"
"B2BOOST",487521958,f,"GENERIC_PKCS7"
"B2BOOST",487521958,f,"PDF-PK7"
"B2BOOST",487521958,f,"ASCC_XML"
"B2BOOST",487521958,f,"FACTURAE"
"B2BOOST",487521958,f,"FATTURAPA"
"B2BOOST",487521958,f,"CXML"
"AUDI",199533387,f,"PDF"
"AUDI",199533387,f,"GENERIC_PKCS7"
"AUDI",199533387,f,"PDF-PK7"
"AUDI",199533387,f,"ASCC_XML"
"AUDI",199533387,f,"FACTURAE"
"AUDI",199533387,f,"FATTURAPA"
"AUDI",199533387,f,"CXML"
"TRA1133",358996801,f,"PDF"
"TRA1133",358996801,f,"GENERIC_PKCS7"
"TRA1133",358996801,f,"PDF-PK7"
"TRA1133",358996801,f,"ASCC_XML"
"TRA1133",358996801,f,"FACTURAE"
"TRA1133",358996801,f,"FATTURAPA"
"TRA1133",358996801,f,"CXML"
"SPAH",338502713,f,"PDF"
"SPAH",338502713,f,"GENERIC_PKCS7"
"SPAH",338502713,f,"PDF-PK7"
"SPAH",338502713,f,"ASCC_XML"
"SPAH",338502713,f,"FACTURAE"
"SPAH",338502713,f,"FATTURAPA"
"SPAH",338502713,f,"CXML"
"SPAH",339331325,f,"PDF"
"SPAH",339331325,f,"GENERIC_PKCS7"
"SPAH",339331325,f,"PDF-PK7"
"SPAH",339331325,f,"ASCC_XML"
"SPAH",339331325,f,"FACTURAE"
"SPAH",339331325,f,"FATTURAPA"
"SPAH",339331325,f,"CXML"
"SERES",363173099,f,"PDF"
"SERES",363173099,f,"GENERIC_PKCS7"
"SERES",363173099,f,"PDF-PK7"
"SERES",363173099,f,"ASCC_XML"
"SERES",363173099,f,"FACTURAE"
"SERES",363173099,f,"FATTURAPA"
"SERES",363173099,f,"CXML"
"BAVEL",395869690,f,"PDF"
"BAVEL",395869690,f,"GENERIC_PKCS7"
"BAVEL",395869690,f,"PDF-PK7"
"BAVEL",395869690,f,"ASCC_XML"
"BAVEL",395869690,f,"FACTURAE"
"BAVEL",395869690,f,"FATTURAPA"
"BAVEL",395869690,f,"CXML"
"ITELLA",488631754,f,"PDF"
"ITELLA",488631754,f,"GENERIC_PKCS7"
"ITELLA",488631754,f,"PDF-PK7"
"ITELLA",488631754,f,"ASCC_XML"
"ITELLA",488631754,f,"FACTURAE"
"ITELLA",488631754,f,"FATTURAPA"
"ITELLA",488631754,f,"CXML"
"SIXPAYNET",511613413,f,"PDF"
"SIXPAYNET",511613413,f,"GENERIC_PKCS7"
"SIXPAYNET",511613413,f,"PDF-PK7"
"SIXPAYNET",511613413,f,"ASCC_XML"
"SIXPAYNET",511613413,f,"FACTURAE"
"SIXPAYNET",511613413,f,"FATTURAPA"
"SIXPAYNET",511613413,f,"CXML"
"003701011385",319780149,f,"PDF"
"TIETOSE",319780149,f,"PDF"
"003701011385",319780149,f,"GENERIC_PKCS7"
"TIETOSE",319780149,f,"GENERIC_PKCS7"
"003701011385",319780149,f,"PDF-PK7"
"TIETOSE",319780149,f,"PDF-PK7"
"003701011385",319780149,f,"ASCC_XML"
"TIETOSE",319780149,f,"ASCC_XML"
"003701011385",319780149,f,"FACTURAE"
"TIETOSE",319780149,f,"FACTURAE"
"003701011385",319780149,f,"FATTURAPA"
"TIETOSE",319780149,f,"FATTURAPA"
"003701011385",319780149,f,"CXML"
"TIETOSE",319780149,f,"CXML"
"LOGIQ",655127466,f,"PDF"
"LOGIQ",655127466,f,"GENERIC_PKCS7"
"LOGIQ",655127466,f,"PDF-PK7"
"LOGIQ",655127466,f,"ASCC_XML"
"LOGIQ",655127466,f,"FACTURAE"
"LOGIQ",655127466,f,"FATTURAPA"
"LOGIQ",655127466,f,"CXML"
"CI_TEST",140757819,f,"PDF"
"TEST",140757819,f,"PDF"
"CI_TEST",140757819,f,"GENERIC_PKCS7"
"TEST",140757819,f,"GENERIC_PKCS7"
"CI_TEST",140757819,f,"PDF-PK7"
"TEST",140757819,f,"PDF-PK7"
"CI_TEST",140757819,f,"ASCC_XML"
"TEST",140757819,f,"ASCC_XML"
"CI_TEST",140757819,f,"FACTURAE"
"TEST",140757819,f,"FACTURAE"
"CI_TEST",140757819,f,"FATTURAPA"
"TEST",140757819,f,"FATTURAPA"
"CI_TEST",140757819,f,"CXML"
"TEST",140757819,f,"CXML"
"EXPSYS",80685124,f,"PDF"
"EXPSYS",80685124,f,"GENERIC_PKCS7"
"EXPSYS",80685124,f,"PDF-PK7"
"EXPSYS",80685124,f,"ASCC_XML"
"EXPSYS",80685124,f,"FACTURAE"
"EXPSYS",80685124,f,"FATTURAPA"
"EXPSYS",80685124,f,"CXML"
"EXPSYS",275255433,f,"PDF"
"EXPSYS",275255433,f,"GENERIC_PKCS7"
"EXPSYS",275255433,f,"PDF-PK7"
"EXPSYS",275255433,f,"ASCC_XML"
"EXPSYS",275255433,f,"FACTURAE"
"EXPSYS",275255433,f,"FATTURAPA"
"EXPSYS",275255433,f,"CXML"
"BPROCESS",44771807,f,"PDF"
"BPROCESS",44771807,f,"GENERIC_PKCS7"
"BPROCESS",44771807,f,"PDF-PK7"
"BPROCESS",44771807,f,"ASCC_XML"
"BPROCESS",44771807,f,"FACTURAE"
"BPROCESS",44771807,f,"FATTURAPA"
"BPROCESS",44771807,f,"CXML"
"B2B21G",592188586,f,"PDF"
"B2B21G",592188586,f,"GENERIC_PKCS7"
"B2B21G",592188586,f,"PDF-PK7"
"B2B21G",592188586,f,"ASCC_XML"
"B2B21G",592188586,f,"FACTURAE"
"B2B21G",592188586,f,"FATTURAPA"
"B2B21G",592188586,f,"CXML"
